Male,Female
william,brandi
charles,misty
andrew,tina
jerry,christy
luke,brandy
timothy,lindsay
ryan,kristina
casey,tiffany
jeffrey,katrina
keith,rebecca
erik,sandra
cory,kathleen
jeremiah,kelly
craig,kristen
derrick,holly
kenneth,jamie
brian,tonya
dustin,stephanie
russell,courtney
curtis,cynthia
shane,kristy
matthew,leah
shawn,leslie
george,mary
phillip,tracy
mark,tara
adam,kathryn
dennis,natalie
larry,lauren
kyle,crystal
seth,amber
nicholas,melinda
corey,carrie
randy,heather
douglas,shannon
gregory,lindsey
jesse,rachel
donald,amy
jason,lori
shaun,katie
bradley,wendy
gary,sarah
billy,pamela
edward,dana
scott,natasha
travis,tanya
nathan,stacy
chad,kristin
brett,stacey
james,megan
sean,christina
jeremy,erin
jeffery,candice
nathaniel,erica
steven,april
justin,brooke
todd,
zachary,
bryan,
wesley,
anthony,
brent,
john,
jared,